[{"model": "contenttypes.contenttype", "pk": 1, "fields": {"app_label": "admin", "model": "logentry"}}, {"model": "contenttypes.contenttype", "pk": 2, "fields": {"app_label": "auth", "model": "permission"}}, {"model": "contenttypes.contenttype", "pk": 3, "fields": {"app_label": "auth", "model": "group"}}, {"model": "contenttypes.contenttype", "pk": 4, "fields": {"app_label": "auth", "model": "user"}}, {"model": "contenttypes.contenttype", "pk": 5, "fields": {"app_label": "contenttypes", "model": "contenttype"}}, {"model": "contenttypes.contenttype", "pk": 6, "fields": {"app_label": "sessions", "model": "session"}}, {"model": "contenttypes.contenttype", "pk": 7, "fields": {"app_label": "HomeSwitchHome", "model": "propiedad"}}, {"model": "contenttypes.contenttype", "pk": 8, "fields": {"app_label": "HomeSwitchHome", "model": "subasta"}}, {"model": "contenttypes.contenttype", "pk": 9, "fields": {"app_label": "HomeSwitchHome", "model": "semana"}}, {"model": "contenttypes.contenttype", "pk": 10, "fields": {"app_label": "HomeSwitchHome", "model": "postor"}}, {"model": "contenttypes.contenttype", "pk": 11, "fields": {"app_label": "HomeSwitchHome", "model": "foto"}}, {"model": "contenttypes.contenttype", "pk": 12, "fields": {"app_label": "HomeSwitchHome", "model": "tarjeta"}}, {"model": "contenttypes.contenttype", "pk": 13, "fields": {"app_label": "HomeSwitchHome", "model": "reserva"}}, {"model": "contenttypes.contenttype", "pk": 14, "fields": {"app_label": "HomeSwitchHome", "model": "perfil"}}, {"model": "contenttypes.contenttype", "pk": 15, "fields": {"app_label": "HomeSwitchHome", "model": "solicitud"}}, {"model": "contenttypes.contenttype", "pk": 16, "fields": {"app_label": "HomeSwitchHome", "model": "favorito"}}, {"model": "contenttypes.contenttype", "pk": 17, "fields": {"app_label": "HomeSwitchHome", "model": "historialres"}}, {"model": "sessions.session", "pk": "14dycw1f8kn439p5ef1ctgwrioeeqhbj", "fields": {"session_data": "ZTY5ZTE1NGNhM2VlOTBmYTQxN2U0Y2MxYzkyN2NhMzNiY2RhMzMwZjp7fQ==", "expire_date": "2019-07-04T21:52:04.680Z"}}, {"model": "sessions.session", "pk": "1d1s2l7pjxcp09n6fr0fk8drfydxqkv9", "fields": {"session_data": "ZTY5ZTE1NGNhM2VlOTBmYTQxN2U0Y2MxYzkyN2NhMzNiY2RhMzMwZjp7fQ==", "expire_date": "2019-07-04T16:18:19.599Z"}}, {"model": "sessions.session", "pk": "1ddi55xcbok7t81g44rd8fxp04ofxotv", "fields": {"session_data": "ZDM2Yzg3MTQyMWZlMWNmOTNkMjMyYTMxNWRlZjgzNDY2NjgyYWNmMDp7Il9hdXRoX3VzZXJfaWQiOiIzNSIsIl9hdXRoX3VzZXJfYmFja2VuZCI6ImRqYW5nby5jb250cmliLmF1dGguYmFja2VuZHMuTW9kZWxCYWNrZW5kIiwiX2F1dGhfdXNlcl9oYXNoIjoiNzAyZTljYTU4Mzg0MDc5YjAxOTQ1YjhjZTRjZmNjNzNkYmY2ZTU1NSJ9", "expire_date": "2019-07-29T14:09:54.556Z"}}, {"model": "sessions.session", "pk": "1pv3bcrubqke2bsjfmpajc498wsbgtha", "fields": {"session_data": "ZTY5ZTE1NGNhM2VlOTBmYTQxN2U0Y2MxYzkyN2NhMzNiY2RhMzMwZjp7fQ==", "expire_date": "2019-06-20T15:24:46.054Z"}}, {"model": "sessions.session", "pk": "3gvlxc94fkw1i92hrbyo4p5xo96usf9f", "fields": {"session_data": "ZTY5ZTE1NGNhM2VlOTBmYTQxN2U0Y2MxYzkyN2NhMzNiY2RhMzMwZjp7fQ==", "expire_date": "2019-07-04T16:23:09.076Z"}}, {"model": "sessions.session", "pk": "3hjh2f9xwdutbwwzup7nu59padi3clxg", "fields": {"session_data": "MDVjM2NiZDgxZWFkYTEwMjIzMWE0NDFlMGUxYTBjOTE1NTAwNTc0ZTp7Il9hdXRoX3VzZXJfaWQiOiIyNSIsIl9hdXRoX3VzZXJfYmFja2VuZCI6ImRqYW5nby5jb250cmliLmF1dGguYmFja2VuZHMuTW9kZWxCYWNrZW5kIiwiX2F1dGhfdXNlcl9oYXNoIjoiNzRhYTdmYjBmMGNmMDhkYTliYmVhZWYxYzAzODFiMTU5YTEyYWJmOCJ9", "expire_date": "2019-07-26T16:53:00.437Z"}}, {"model": "sessions.session", "pk": "5n6kmpmleoc5jmvvyr0oq9kutyqh62um", "fields": {"session_data": "ZTY5ZTE1NGNhM2VlOTBmYTQxN2U0Y2MxYzkyN2NhMzNiY2RhMzMwZjp7fQ==", "expire_date": "2019-07-24T22:35:31.112Z"}}, {"model": "sessions.session", "pk": "8mhkjy3mgidzc24bl9gu2jl1c0doqsk3", "fields": {"session_data": "YTQwZTczMDM0Mjg1YTM0MjA2Y2U2NWQ1YTI1NmQyZDQ4YTMyN2FjOTp7Il9hdXRoX3VzZXJfaWQiOiIzMiIsIl9hdXRoX3VzZXJfYmFja2VuZCI6ImRqYW5nby5jb250cmliLmF1dGguYmFja2VuZHMuTW9kZWxCYWNrZW5kIiwiX2F1dGhfdXNlcl9oYXNoIjoiZmZlNzM2MmYzOWExZDVhYWMyZjRmOGY5NGEzYWQ4NDcxZTZjMTk1NiJ9", "expire_date": "2019-07-28T23:46:33.191Z"}}, {"model": "sessions.session", "pk": "8nasm7qcrty4a2m8jvvjfdotuniu79xa", "fields": {"session_data": "ZTY5ZTE1NGNhM2VlOTBmYTQxN2U0Y2MxYzkyN2NhMzNiY2RhMzMwZjp7fQ==", "expire_date": "2019-07-24T22:28:48.244Z"}}, {"model": "sessions.session", "pk": "becr3rt3hu24wgrmf2ecp6724x65feod", "fields": {"session_data": "ZTY5ZTE1NGNhM2VlOTBmYTQxN2U0Y2MxYzkyN2NhMzNiY2RhMzMwZjp7fQ==", "expire_date": "2019-07-24T22:35:55.387Z"}}, {"model": "sessions.session", "pk": "cys9rpf6o93fxwa9wt74j9zs55ugq70i", "fields": {"session_data": "ZTY5ZTE1NGNhM2VlOTBmYTQxN2U0Y2MxYzkyN2NhMzNiY2RhMzMwZjp7fQ==", "expire_date": "2019-07-24T22:33:48.007Z"}}, {"model": "sessions.session", "pk": "czckvhwh1g63z0btov84g3wyr3kr07eg", "fields": {"session_data": "MDVjM2NiZDgxZWFkYTEwMjIzMWE0NDFlMGUxYTBjOTE1NTAwNTc0ZTp7Il9hdXRoX3VzZXJfaWQiOiIyNSIsIl9hdXRoX3VzZXJfYmFja2VuZCI6ImRqYW5nby5jb250cmliLmF1dGguYmFja2VuZHMuTW9kZWxCYWNrZW5kIiwiX2F1dGhfdXNlcl9oYXNoIjoiNzRhYTdmYjBmMGNmMDhkYTliYmVhZWYxYzAzODFiMTU5YTEyYWJmOCJ9", "expire_date": "2022-07-26T16:53:43.606Z"}}, {"model": "sessions.session", "pk": "d7vhzxexse3xmo9qbdfevbpr4pm64x5t", "fields": {"session_data": "ZTY5ZTE1NGNhM2VlOTBmYTQxN2U0Y2MxYzkyN2NhMzNiY2RhMzMwZjp7fQ==", "expire_date": "2019-07-04T16:27:17.537Z"}}, {"model": "sessions.session", "pk": "dy2y5h3b7j2kk7n4fpgslu5b7xeofijp", "fields": {"session_data": "NDc1YzYzMDRlZDQ5YmYzOTdkMmE3ODU1ODRlYzc0ZDQ0NWRjZGRiMDp7Il9hdXRoX3VzZXJfaWQiOiIzMCIsIl9hdXRoX3VzZXJfYmFja2VuZCI6ImRqYW5nby5jb250cmliLmF1dGguYmFja2VuZHMuTW9kZWxCYWNrZW5kIiwiX2F1dGhfdXNlcl9oYXNoIjoiODJiZDEzNTliM2UyNjg1OTZiNmVmOTc1ODQ3ZTU2NGZkZDdiODFkYyJ9", "expire_date": "2019-07-28T23:36:12.076Z"}}, {"model": "sessions.session", "pk": "e6ui0mw26nry4naw8par4mwv2yck0vpt", "fields": {"session_data": "ZTY5ZTE1NGNhM2VlOTBmYTQxN2U0Y2MxYzkyN2NhMzNiY2RhMzMwZjp7fQ==", "expire_date": "2019-07-24T22:34:38.802Z"}}, {"model": "sessions.session", "pk": "f1bafyqsc4k4ec0ultz97j28t5s7pnew", "fields": {"session_data": "ZTY5ZTE1NGNhM2VlOTBmYTQxN2U0Y2MxYzkyN2NhMzNiY2RhMzMwZjp7fQ==", "expire_date": "2019-07-24T22:32:18.021Z"}}, {"model": "sessions.session", "pk": "gj5o9r964lcxtvfoggtp2sc4k9nbv789", "fields": {"session_data": "ZTY5ZTE1NGNhM2VlOTBmYTQxN2U0Y2MxYzkyN2NhMzNiY2RhMzMwZjp7fQ==", "expire_date": "2019-06-20T15:39:15.913Z"}}, {"model": "sessions.session", "pk": "ibxvk2ggoku5yzuzdcsbsp9vr4xr7odg", "fields": {"session_data": "ZTY5ZTE1NGNhM2VlOTBmYTQxN2U0Y2MxYzkyN2NhMzNiY2RhMzMwZjp7fQ==", "expire_date": "2019-07-04T16:15:58.007Z"}}, {"model": "sessions.session", "pk": "jfusta7fnwx28ivcwt5km9k8uauz0yg1", "fields": {"session_data": "MDVjM2NiZDgxZWFkYTEwMjIzMWE0NDFlMGUxYTBjOTE1NTAwNTc0ZTp7Il9hdXRoX3VzZXJfaWQiOiIyNSIsIl9hdXRoX3VzZXJfYmFja2VuZCI6ImRqYW5nby5jb250cmliLmF1dGguYmFja2VuZHMuTW9kZWxCYWNrZW5kIiwiX2F1dGhfdXNlcl9oYXNoIjoiNzRhYTdmYjBmMGNmMDhkYTliYmVhZWYxYzAzODFiMTU5YTEyYWJmOCJ9", "expire_date": "2019-07-05T02:36:46.184Z"}}, {"model": "sessions.session", "pk": "l2iocqh764yn3qukxwrcnvgyukizbi2j", "fields": {"session_data": "ZTY5ZTE1NGNhM2VlOTBmYTQxN2U0Y2MxYzkyN2NhMzNiY2RhMzMwZjp7fQ==", "expire_date": "2019-07-04T16:26:35.061Z"}}, {"model": "sessions.session", "pk": "lddslnzslvjgwmvmjbmr23jrpeahxp8d", "fields": {"session_data": "MDMwNTNlZjQ0ZmNkMjYwNjI3NzBkMGY2MDZiMmQwZTQyMmQ4OTJiNDp7Il9hdXRoX3VzZXJfaWQiOiIyNyIsIl9hdXRoX3VzZXJfYmFja2VuZCI6ImRqYW5nby5jb250cmliLmF1dGguYmFja2VuZHMuTW9kZWxCYWNrZW5kIiwiX2F1dGhfdXNlcl9oYXNoIjoiMTc0ZmUwNWRjZWFkMjkwYmEwYjdmOWRmMWJiNjkxYTIyOTQ5ZGRkOSJ9", "expire_date": "2019-07-28T02:28:19.270Z"}}, {"model": "sessions.session", "pk": "m9vunwb0xzle2j3nkkjq3emkfislcyxv", "fields": {"session_data": "ZTY5ZTE1NGNhM2VlOTBmYTQxN2U0Y2MxYzkyN2NhMzNiY2RhMzMwZjp7fQ==", "expire_date": "2019-07-04T16:20:57.797Z"}}, {"model": "sessions.session", "pk": "oou8jcxgc3meyq85wk07udm7wyv1udhl", "fields": {"session_data": "ZTY5ZTE1NGNhM2VlOTBmYTQxN2U0Y2MxYzkyN2NhMzNiY2RhMzMwZjp7fQ==", "expire_date": "2019-07-24T22:23:00.704Z"}}, {"model": "sessions.session", "pk": "pro6lpmq6tovfv6h24wfzxfaozgagt8e", "fields": {"session_data": "ZTY5ZTE1NGNhM2VlOTBmYTQxN2U0Y2MxYzkyN2NhMzNiY2RhMzMwZjp7fQ==", "expire_date": "2019-07-24T22:36:29.187Z"}}, {"model": "sessions.session", "pk": "s191klc8mv44g628zp4uqb09ja9dmstn", "fields": {"session_data": "MDVmNDhjMjU0ZGEwM2MzYTVmNDg2YjExZjg0YzJiNjM1MzQ2Njg3YTp7Il9hdXRoX3VzZXJfaWQiOiI1IiwiX2F1dGhfdXNlcl9iYWNrZW5kIjoiZGphbmdvLmNvbnRyaWIuYXV0aC5iYWNrZW5kcy5Nb2RlbEJhY2tlbmQiLCJfYXV0aF91c2VyX2hhc2giOiIxYzQyZjdlM2Y4OWQyYzQ3ODdjOGFkZWVmZTAyYzZhYzZlNTA3MGYyIn0=", "expire_date": "2019-07-21T14:35:51.438Z"}}, {"model": "sessions.session", "pk": "wahst9lv168736l760z9p76a8nyna95q", "fields": {"session_data": "ZTY5ZTE1NGNhM2VlOTBmYTQxN2U0Y2MxYzkyN2NhMzNiY2RhMzMwZjp7fQ==", "expire_date": "2019-07-24T22:13:51.315Z"}}, {"model": "sessions.session", "pk": "x30ppge0bz5bruuy3ocer5x5ir2n7wja", "fields": {"session_data": "MDVjM2NiZDgxZWFkYTEwMjIzMWE0NDFlMGUxYTBjOTE1NTAwNTc0ZTp7Il9hdXRoX3VzZXJfaWQiOiIyNSIsIl9hdXRoX3VzZXJfYmFja2VuZCI6ImRqYW5nby5jb250cmliLmF1dGguYmFja2VuZHMuTW9kZWxCYWNrZW5kIiwiX2F1dGhfdXNlcl9oYXNoIjoiNzRhYTdmYjBmMGNmMDhkYTliYmVhZWYxYzAzODFiMTU5YTEyYWJmOCJ9", "expire_date": "2019-07-26T15:49:52.569Z"}}, {"model": "sessions.session", "pk": "y22zsiqhus8t4yxc6zbuele6pt115ggb", "fields": {"session_data": "MDMwNTNlZjQ0ZmNkMjYwNjI3NzBkMGY2MDZiMmQwZTQyMmQ4OTJiNDp7Il9hdXRoX3VzZXJfaWQiOiIyNyIsIl9hdXRoX3VzZXJfYmFja2VuZCI6ImRqYW5nby5jb250cmliLmF1dGguYmFja2VuZHMuTW9kZWxCYWNrZW5kIiwiX2F1dGhfdXNlcl9oYXNoIjoiMTc0ZmUwNWRjZWFkMjkwYmEwYjdmOWRmMWJiNjkxYTIyOTQ5ZGRkOSJ9", "expire_date": "2020-07-27T16:35:43.272Z"}}, {"model": "sessions.session", "pk": "zxlim98sha4xl2w65kmd7x6a1tlkx7q8", "fields": {"session_data": "YWU3MmM0ZGQyZGFmMDViNGQ5MmYwMTZjNzJkMmNjOGUxY2JkYmI5NTp7Il9hdXRoX3VzZXJfaWQiOiIyNiIsIl9hdXRoX3VzZXJfYmFja2VuZCI6ImRqYW5nby5jb250cmliLmF1dGguYmFja2VuZHMuTW9kZWxCYWNrZW5kIiwiX2F1dGhfdXNlcl9oYXNoIjoiOTQ3MTFjMWVlNzFlZjNhMGVjZDI0NzA2Zjk5ODBkYTk0NzM5NGMxYSJ9", "expire_date": "2019-07-26T06:04:40.887Z"}}, {"model": "HomeSwitchHome.propiedad", "pk": 31, "fields": {"titulo": "Propiedad 2", "descripcion": "desc propiedad 2", "pais": "Argentina", "provincia": "Buenos Aires", "localidad": "La Plata", "direccion": "1234", "subastas_activas": 0}}, {"model": "HomeSwitchHome.propiedad", "pk": 32, "fields": {"titulo": "Propiedad(Eliminar)", "descripcion": "desc propiedad 2", "pais": "Argentina", "provincia": "Buenos Aires", "localidad": "La Plata", "direccion": "1234", "subastas_activas": 0}}, {"model": "HomeSwitchHome.semana", "pk": 596, "fields": {"propiedad": 31, "subasta": null, "reserva": 5, "monto_base": 0.0, "costo": 150000.0, "numero_semana": 28, "fecha_inicio_sem": "2018-07-05", "fecha_fin_sem": "2018-07-11", "habilitada_reserva": false, "habilitada_subasta": false, "habilitada_hotsale": false, "fecha_creacion": "2019-07-14"}}, {"model": "HomeSwitchHome.semana", "pk": 597, "fields": {"propiedad": 31, "subasta": null, "reserva": 10, "monto_base": 0.0, "costo": 180000.0, "numero_semana": 29, "fecha_inicio_sem": "2020-07-12", "fecha_fin_sem": "2020-07-18", "habilitada_reserva": false, "habilitada_subasta": false, "habilitada_hotsale": false, "fecha_creacion": "2019-07-14"}}, {"model": "HomeSwitchHome.semana", "pk": 598, "fields": {"propiedad": 31, "subasta": null, "reserva": 7, "monto_base": 0.0, "costo": 0.0, "numero_semana": 30, "fecha_inicio_sem": "2019-08-12", "fecha_fin_sem": "2019-08-18", "habilitada_reserva": false, "habilitada_subasta": false, "habilitada_hotsale": false, "fecha_creacion": "2019-07-14"}}, {"model": "HomeSwitchHome.semana", "pk": 599, "fields": {"propiedad": 31, "subasta": null, "reserva": null, "monto_base": 0.0, "costo": 0.0, "numero_semana": 28, "fecha_inicio_sem": "2020-07-05", "fecha_fin_sem": "2020-07-11", "habilitada_reserva": true, "habilitada_subasta": false, "habilitada_hotsale": false, "fecha_creacion": "2019-07-14"}}, {"model": "HomeSwitchHome.semana", "pk": 600, "fields": {"propiedad": 31, "subasta": null, "reserva": null, "monto_base": 0.0, "costo": 0.0, "numero_semana": 32, "fecha_inicio_sem": "2020-08-02", "fecha_fin_sem": "2020-08-08", "habilitada_reserva": false, "habilitada_subasta": false, "habilitada_hotsale": false, "fecha_creacion": "2019-07-14"}}, {"model": "HomeSwitchHome.semana", "pk": 601, "fields": {"propiedad": 31, "subasta": null, "reserva": null, "monto_base": 0.0, "costo": 0.0, "numero_semana": 33, "fecha_inicio_sem": "2020-08-09", "fecha_fin_sem": "2020-08-15", "habilitada_reserva": false, "habilitada_subasta": false, "habilitada_hotsale": false, "fecha_creacion": "2019-07-14"}}, {"model": "HomeSwitchHome.semana", "pk": 602, "fields": {"propiedad": 31, "subasta": null, "reserva": null, "monto_base": 0.0, "costo": 0.0, "numero_semana": 34, "fecha_inicio_sem": "2020-08-16", "fecha_fin_sem": "2020-08-22", "habilitada_reserva": false, "habilitada_subasta": false, "habilitada_hotsale": false, "fecha_creacion": "2019-07-14"}}, {"model": "HomeSwitchHome.semana", "pk": 603, "fields": {"propiedad": 31, "subasta": null, "reserva": null, "monto_base": 0.0, "costo": 0.0, "numero_semana": 35, "fecha_inicio_sem": "2020-08-23", "fecha_fin_sem": "2020-08-29", "habilitada_reserva": false, "habilitada_subasta": false, "habilitada_hotsale": false, "fecha_creacion": "2019-07-14"}}, {"model": "HomeSwitchHome.semana", "pk": 604, "fields": {"propiedad": 31, "subasta": null, "reserva": null, "monto_base": 0.0, "costo": 0.0, "numero_semana": 36, "fecha_inicio_sem": "2020-08-30", "fecha_fin_sem": "2020-09-05", "habilitada_reserva": false, "habilitada_subasta": false, "habilitada_hotsale": false, "fecha_creacion": "2019-07-14"}}, {"model": "HomeSwitchHome.semana", "pk": 605, "fields": {"propiedad": 31, "subasta": null, "reserva": null, "monto_base": 0.0, "costo": 0.0, "numero_semana": 37, "fecha_inicio_sem": "2020-09-06", "fecha_fin_sem": "2020-09-12", "habilitada_reserva": false, "habilitada_subasta": false, "habilitada_hotsale": false, "fecha_creacion": "2019-07-14"}}, {"model": "HomeSwitchHome.semana", "pk": 606, "fields": {"propiedad": 31, "subasta": null, "reserva": null, "monto_base": 0.0, "costo": 0.0, "numero_semana": 38, "fecha_inicio_sem": "2020-09-13", "fecha_fin_sem": "2020-09-19", "habilitada_reserva": false, "habilitada_subasta": false, "habilitada_hotsale": false, "fecha_creacion": "2019-07-14"}}, {"model": "HomeSwitchHome.semana", "pk": 607, "fields": {"propiedad": 31, "subasta": null, "reserva": null, "monto_base": 0.0, "costo": 0.0, "numero_semana": 39, "fecha_inicio_sem": "2020-09-20", "fecha_fin_sem": "2020-09-26", "habilitada_reserva": false, "habilitada_subasta": false, "habilitada_hotsale": false, "fecha_creacion": "2019-07-14"}}, {"model": "HomeSwitchHome.semana", "pk": 608, "fields": {"propiedad": 31, "subasta": null, "reserva": null, "monto_base": 0.0, "costo": 0.0, "numero_semana": 40, "fecha_inicio_sem": "2020-09-27", "fecha_fin_sem": "2020-10-03", "habilitada_reserva": false, "habilitada_subasta": false, "habilitada_hotsale": false, "fecha_creacion": "2019-07-14"}}, {"model": "HomeSwitchHome.semana", "pk": 609, "fields": {"propiedad": 31, "subasta": null, "reserva": null, "monto_base": 0.0, "costo": 0.0, "numero_semana": 41, "fecha_inicio_sem": "2020-10-04", "fecha_fin_sem": "2020-10-10", "habilitada_reserva": false, "habilitada_subasta": false, "habilitada_hotsale": false, "fecha_creacion": "2019-07-14"}}, {"model": "HomeSwitchHome.semana", "pk": 610, "fields": {"propiedad": 31, "subasta": null, "reserva": null, "monto_base": 0.0, "costo": 0.0, "numero_semana": 42, "fecha_inicio_sem": "2020-10-11", "fecha_fin_sem": "2020-10-17", "habilitada_reserva": false, "habilitada_subasta": false, "habilitada_hotsale": false, "fecha_creacion": "2019-07-14"}}, {"model": "HomeSwitchHome.semana", "pk": 611, "fields": {"propiedad": 31, "subasta": null, "reserva": null, "monto_base": 0.0, "costo": 0.0, "numero_semana": 43, "fecha_inicio_sem": "2020-10-18", "fecha_fin_sem": "2020-10-24", "habilitada_reserva": false, "habilitada_subasta": false, "habilitada_hotsale": false, "fecha_creacion": "2019-07-14"}}, {"model": "HomeSwitchHome.semana", "pk": 612, "fields": {"propiedad": 31, "subasta": null, "reserva": null, "monto_base": 0.0, "costo": 0.0, "numero_semana": 44, "fecha_inicio_sem": "2020-10-25", "fecha_fin_sem": "2020-10-31", "habilitada_reserva": false, "habilitada_subasta": false, "habilitada_hotsale": false, "fecha_creacion": "2019-07-14"}}, {"model": "HomeSwitchHome.semana", "pk": 613, "fields": {"propiedad": 31, "subasta": null, "reserva": null, "monto_base": 0.0, "costo": 0.0, "numero_semana": 45, "fecha_inicio_sem": "2020-11-01", "fecha_fin_sem": "2020-11-07", "habilitada_reserva": false, "habilitada_subasta": false, "habilitada_hotsale": false, "fecha_creacion": "2019-07-14"}}, {"model": "HomeSwitchHome.semana", "pk": 614, "fields": {"propiedad": 31, "subasta": null, "reserva": null, "monto_base": 0.0, "costo": 0.0, "numero_semana": 46, "fecha_inicio_sem": "2020-11-08", "fecha_fin_sem": "2020-11-14", "habilitada_reserva": false, "habilitada_subasta": false, "habilitada_hotsale": false, "fecha_creacion": "2019-07-14"}}, {"model": "HomeSwitchHome.semana", "pk": 615, "fields": {"propiedad": 31, "subasta": null, "reserva": null, "monto_base": 0.0, "costo": 0.0, "numero_semana": 47, "fecha_inicio_sem": "2020-11-15", "fecha_fin_sem": "2020-11-21", "habilitada_reserva": false, "habilitada_subasta": false, "habilitada_hotsale": false, "fecha_creacion": "2019-07-14"}}, {"model": "HomeSwitchHome.semana", "pk": 616, "fields": {"propiedad": 31, "subasta": null, "reserva": null, "monto_base": 0.0, "costo": 0.0, "numero_semana": 48, "fecha_inicio_sem": "2020-11-22", "fecha_fin_sem": "2020-11-28", "habilitada_reserva": false, "habilitada_subasta": false, "habilitada_hotsale": false, "fecha_creacion": "2019-07-14"}}, {"model": "HomeSwitchHome.semana", "pk": 617, "fields": {"propiedad": 31, "subasta": null, "reserva": null, "monto_base": 0.0, "costo": 0.0, "numero_semana": 49, "fecha_inicio_sem": "2020-11-29", "fecha_fin_sem": "2020-12-05", "habilitada_reserva": false, "habilitada_subasta": false, "habilitada_hotsale": false, "fecha_creacion": "2019-07-14"}}, {"model": "HomeSwitchHome.semana", "pk": 618, "fields": {"propiedad": 31, "subasta": null, "reserva": null, "monto_base": 0.0, "costo": 0.0, "numero_semana": 50, "fecha_inicio_sem": "2020-12-06", "fecha_fin_sem": "2020-12-12", "habilitada_reserva": false, "habilitada_subasta": false, "habilitada_hotsale": false, "fecha_creacion": "2019-07-14"}}, {"model": "HomeSwitchHome.semana", "pk": 619, "fields": {"propiedad": 31, "subasta": null, "reserva": null, "monto_base": 0.0, "costo": 0.0, "numero_semana": 51, "fecha_inicio_sem": "2020-12-13", "fecha_fin_sem": "2020-12-19", "habilitada_reserva": false, "habilitada_subasta": false, "habilitada_hotsale": false, "fecha_creacion": "2019-07-14"}}, {"model": "HomeSwitchHome.semana", "pk": 620, "fields": {"propiedad": 31, "subasta": null, "reserva": null, "monto_base": 0.0, "costo": 0.0, "numero_semana": 52, "fecha_inicio_sem": "2020-12-20", "fecha_fin_sem": "2020-12-26", "habilitada_reserva": false, "habilitada_subasta": false, "habilitada_hotsale": false, "fecha_creacion": "2019-07-14"}}, {"model": "HomeSwitchHome.semana", "pk": 621, "fields": {"propiedad": 31, "subasta": null, "reserva": null, "monto_base": 0.0, "costo": 0.0, "numero_semana": 1, "fecha_inicio_sem": "2021-01-03", "fecha_fin_sem": "2021-01-09", "habilitada_reserva": false, "habilitada_subasta": false, "habilitada_hotsale": false, "fecha_creacion": "2019-07-14"}}, {"model": "HomeSwitchHome.semana", "pk": 622, "fields": {"propiedad": 31, "subasta": null, "reserva": null, "monto_base": 0.0, "costo": 0.0, "numero_semana": 2, "fecha_inicio_sem": "2021-01-10", "fecha_fin_sem": "2021-01-16", "habilitada_reserva": false, "habilitada_subasta": false, "habilitada_hotsale": false, "fecha_creacion": "2019-07-14"}}, {"model": "HomeSwitchHome.semana", "pk": 623, "fields": {"propiedad": 31, "subasta": null, "reserva": null, "monto_base": 0.0, "costo": 0.0, "numero_semana": 3, "fecha_inicio_sem": "2021-01-17", "fecha_fin_sem": "2021-01-23", "habilitada_reserva": false, "habilitada_subasta": false, "habilitada_hotsale": false, "fecha_creacion": "2019-07-14"}}, {"model": "HomeSwitchHome.semana", "pk": 624, "fields": {"propiedad": 31, "subasta": null, "reserva": null, "monto_base": 0.0, "costo": 0.0, "numero_semana": 4, "fecha_inicio_sem": "2021-01-24", "fecha_fin_sem": "2021-01-30", "habilitada_reserva": false, "habilitada_subasta": false, "habilitada_hotsale": false, "fecha_creacion": "2019-07-14"}}, {"model": "HomeSwitchHome.semana", "pk": 625, "fields": {"propiedad": 31, "subasta": null, "reserva": null, "monto_base": 0.0, "costo": 0.0, "numero_semana": 5, "fecha_inicio_sem": "2021-01-31", "fecha_fin_sem": "2021-02-06", "habilitada_reserva": false, "habilitada_subasta": false, "habilitada_hotsale": false, "fecha_creacion": "2019-07-14"}}, {"model": "HomeSwitchHome.semana", "pk": 626, "fields": {"propiedad": 31, "subasta": null, "reserva": null, "monto_base": 0.0, "costo": 0.0, "numero_semana": 6, "fecha_inicio_sem": "2021-02-07", "fecha_fin_sem": "2021-02-13", "habilitada_reserva": false, "habilitada_subasta": false, "habilitada_hotsale": false, "fecha_creacion": "2019-07-14"}}, {"model": "HomeSwitchHome.semana", "pk": 627, "fields": {"propiedad": 31, "subasta": null, "reserva": null, "monto_base": 0.0, "costo": 0.0, "numero_semana": 7, "fecha_inicio_sem": "2021-02-14", "fecha_fin_sem": "2021-02-20", "habilitada_reserva": false, "habilitada_subasta": false, "habilitada_hotsale": false, "fecha_creacion": "2019-07-14"}}, {"model": "HomeSwitchHome.semana", "pk": 628, "fields": {"propiedad": 31, "subasta": null, "reserva": null, "monto_base": 0.0, "costo": 0.0, "numero_semana": 8, "fecha_inicio_sem": "2021-02-21", "fecha_fin_sem": "2021-02-27", "habilitada_reserva": false, "habilitada_subasta": false, "habilitada_hotsale": false, "fecha_creacion": "2019-07-14"}}, {"model": "HomeSwitchHome.semana", "pk": 629, "fields": {"propiedad": 31, "subasta": null, "reserva": null, "monto_base": 0.0, "costo": 0.0, "numero_semana": 9, "fecha_inicio_sem": "2021-02-28", "fecha_fin_sem": "2021-03-06", "habilitada_reserva": false, "habilitada_subasta": false, "habilitada_hotsale": false, "fecha_creacion": "2019-07-14"}}, {"model": "HomeSwitchHome.semana", "pk": 630, "fields": {"propiedad": 31, "subasta": null, "reserva": null, "monto_base": 0.0, "costo": 0.0, "numero_semana": 10, "fecha_inicio_sem": "2021-03-07", "fecha_fin_sem": "2021-03-13", "habilitada_reserva": false, "habilitada_subasta": false, "habilitada_hotsale": false, "fecha_creacion": "2019-07-14"}}, {"model": "HomeSwitchHome.semana", "pk": 631, "fields": {"propiedad": 31, "subasta": null, "reserva": null, "monto_base": 0.0, "costo": 0.0, "numero_semana": 11, "fecha_inicio_sem": "2021-03-14", "fecha_fin_sem": "2021-03-20", "habilitada_reserva": false, "habilitada_subasta": false, "habilitada_hotsale": false, "fecha_creacion": "2019-07-14"}}, {"model": "HomeSwitchHome.semana", "pk": 632, "fields": {"propiedad": 31, "subasta": null, "reserva": null, "monto_base": 0.0, "costo": 0.0, "numero_semana": 12, "fecha_inicio_sem": "2021-03-21", "fecha_fin_sem": "2021-03-27", "habilitada_reserva": false, "habilitada_subasta": false, "habilitada_hotsale": false, "fecha_creacion": "2019-07-14"}}, {"model": "HomeSwitchHome.semana", "pk": 633, "fields": {"propiedad": 31, "subasta": null, "reserva": null, "monto_base": 0.0, "costo": 0.0, "numero_semana": 13, "fecha_inicio_sem": "2021-03-28", "fecha_fin_sem": "2021-04-03", "habilitada_reserva": false, "habilitada_subasta": false, "habilitada_hotsale": false, "fecha_creacion": "2019-07-14"}}, {"model": "HomeSwitchHome.semana", "pk": 634, "fields": {"propiedad": 31, "subasta": null, "reserva": null, "monto_base": 0.0, "costo": 0.0, "numero_semana": 14, "fecha_inicio_sem": "2021-04-04", "fecha_fin_sem": "2021-04-10", "habilitada_reserva": false, "habilitada_subasta": false, "habilitada_hotsale": false, "fecha_creacion": "2019-07-14"}}, {"model": "HomeSwitchHome.semana", "pk": 635, "fields": {"propiedad": 31, "subasta": null, "reserva": null, "monto_base": 0.0, "costo": 0.0, "numero_semana": 15, "fecha_inicio_sem": "2021-04-11", "fecha_fin_sem": "2021-04-17", "habilitada_reserva": false, "habilitada_subasta": false, "habilitada_hotsale": false, "fecha_creacion": "2019-07-14"}}, {"model": "HomeSwitchHome.semana", "pk": 636, "fields": {"propiedad": 31, "subasta": null, "reserva": null, "monto_base": 0.0, "costo": 0.0, "numero_semana": 16, "fecha_inicio_sem": "2021-04-18", "fecha_fin_sem": "2021-04-24", "habilitada_reserva": false, "habilitada_subasta": false, "habilitada_hotsale": false, "fecha_creacion": "2019-07-14"}}, {"model": "HomeSwitchHome.semana", "pk": 637, "fields": {"propiedad": 31, "subasta": null, "reserva": null, "monto_base": 0.0, "costo": 0.0, "numero_semana": 17, "fecha_inicio_sem": "2021-04-25", "fecha_fin_sem": "2021-05-01", "habilitada_reserva": false, "habilitada_subasta": false, "habilitada_hotsale": false, "fecha_creacion": "2019-07-14"}}, {"model": "HomeSwitchHome.semana", "pk": 638, "fields": {"propiedad": 31, "subasta": null, "reserva": null, "monto_base": 0.0, "costo": 0.0, "numero_semana": 18, "fecha_inicio_sem": "2021-05-02", "fecha_fin_sem": "2021-05-08", "habilitada_reserva": false, "habilitada_subasta": false, "habilitada_hotsale": false, "fecha_creacion": "2019-07-14"}}, {"model": "HomeSwitchHome.semana", "pk": 639, "fields": {"propiedad": 31, "subasta": null, "reserva": null, "monto_base": 0.0, "costo": 0.0, "numero_semana": 19, "fecha_inicio_sem": "2021-05-09", "fecha_fin_sem": "2021-05-15", "habilitada_reserva": false, "habilitada_subasta": false, "habilitada_hotsale": false, "fecha_creacion": "2019-07-14"}}, {"model": "HomeSwitchHome.semana", "pk": 640, "fields": {"propiedad": 31, "subasta": null, "reserva": null, "monto_base": 0.0, "costo": 0.0, "numero_semana": 20, "fecha_inicio_sem": "2021-05-16", "fecha_fin_sem": "2021-05-22", "habilitada_reserva": false, "habilitada_subasta": false, "habilitada_hotsale": false, "fecha_creacion": "2019-07-14"}}, {"model": "HomeSwitchHome.semana", "pk": 641, "fields": {"propiedad": 31, "subasta": null, "reserva": null, "monto_base": 0.0, "costo": 0.0, "numero_semana": 21, "fecha_inicio_sem": "2021-05-23", "fecha_fin_sem": "2021-05-29", "habilitada_reserva": false, "habilitada_subasta": false, "habilitada_hotsale": false, "fecha_creacion": "2019-07-14"}}, {"model": "HomeSwitchHome.semana", "pk": 642, "fields": {"propiedad": 31, "subasta": null, "reserva": null, "monto_base": 0.0, "costo": 0.0, "numero_semana": 22, "fecha_inicio_sem": "2021-05-30", "fecha_fin_sem": "2021-06-05", "habilitada_reserva": false, "habilitada_subasta": false, "habilitada_hotsale": false, "fecha_creacion": "2019-07-14"}}, {"model": "HomeSwitchHome.semana", "pk": 643, "fields": {"propiedad": 31, "subasta": null, "reserva": null, "monto_base": 0.0, "costo": 0.0, "numero_semana": 23, "fecha_inicio_sem": "2021-06-06", "fecha_fin_sem": "2021-06-12", "habilitada_reserva": false, "habilitada_subasta": false, "habilitada_hotsale": false, "fecha_creacion": "2019-07-14"}}, {"model": "HomeSwitchHome.semana", "pk": 644, "fields": {"propiedad": 31, "subasta": null, "reserva": null, "monto_base": 0.0, "costo": 0.0, "numero_semana": 24, "fecha_inicio_sem": "2021-06-13", "fecha_fin_sem": "2021-06-19", "habilitada_reserva": false, "habilitada_subasta": false, "habilitada_hotsale": false, "fecha_creacion": "2019-07-14"}}, {"model": "HomeSwitchHome.semana", "pk": 645, "fields": {"propiedad": 31, "subasta": null, "reserva": null, "monto_base": 0.0, "costo": 0.0, "numero_semana": 25, "fecha_inicio_sem": "2021-06-20", "fecha_fin_sem": "2021-06-26", "habilitada_reserva": false, "habilitada_subasta": false, "habilitada_hotsale": false, "fecha_creacion": "2019-07-14"}}, {"model": "HomeSwitchHome.semana", "pk": 646, "fields": {"propiedad": 31, "subasta": null, "reserva": null, "monto_base": 0.0, "costo": 0.0, "numero_semana": 26, "fecha_inicio_sem": "2021-06-27", "fecha_fin_sem": "2021-07-03", "habilitada_reserva": false, "habilitada_subasta": false, "habilitada_hotsale": false, "fecha_creacion": "2019-07-14"}}, {"model": "HomeSwitchHome.semana", "pk": 647, "fields": {"propiedad": 31, "subasta": null, "reserva": null, "monto_base": 0.0, "costo": 0.0, "numero_semana": 27, "fecha_inicio_sem": "2021-07-04", "fecha_fin_sem": "2021-07-10", "habilitada_reserva": false, "habilitada_subasta": false, "habilitada_hotsale": false, "fecha_creacion": "2019-07-14"}}, {"model": "HomeSwitchHome.semana", "pk": 648, "fields": {"propiedad": 31, "subasta": null, "reserva": null, "monto_base": 0.0, "costo": 0.0, "numero_semana": 28, "fecha_inicio_sem": "2021-07-11", "fecha_fin_sem": "2021-07-17", "habilitada_reserva": false, "habilitada_subasta": false, "habilitada_hotsale": false, "fecha_creacion": "2019-07-14"}}, {"model": "HomeSwitchHome.semana", "pk": 649, "fields": {"propiedad": 31, "subasta": null, "reserva": null, "monto_base": 0.0, "costo": 0.0, "numero_semana": 29, "fecha_inicio_sem": "2021-07-18", "fecha_fin_sem": "2021-07-24", "habilitada_reserva": false, "habilitada_subasta": false, "habilitada_hotsale": false, "fecha_creacion": "2019-07-14"}}, {"model": "HomeSwitchHome.semana", "pk": 650, "fields": {"propiedad": 31, "subasta": null, "reserva": null, "monto_base": 0.0, "costo": 0.0, "numero_semana": 30, "fecha_inicio_sem": "2021-07-25", "fecha_fin_sem": "2021-07-31", "habilitada_reserva": false, "habilitada_subasta": false, "habilitada_hotsale": false, "fecha_creacion": "2019-07-14"}}, {"model": "HomeSwitchHome.semana", "pk": 651, "fields": {"propiedad": 31, "subasta": null, "reserva": null, "monto_base": 0.0, "costo": 0.0, "numero_semana": 31, "fecha_inicio_sem": "2021-08-01", "fecha_fin_sem": "2021-08-07", "habilitada_reserva": false, "habilitada_subasta": false, "habilitada_hotsale": false, "fecha_creacion": "2019-07-14"}}, {"model": "HomeSwitchHome.semana", "pk": 652, "fields": {"propiedad": 31, "subasta": null, "reserva": null, "monto_base": 0.0, "costo": 0.0, "numero_semana": 32, "fecha_inicio_sem": "2021-08-08", "fecha_fin_sem": "2021-08-14", "habilitada_reserva": false, "habilitada_subasta": false, "habilitada_hotsale": false, "fecha_creacion": "2019-07-14"}}, {"model": "HomeSwitchHome.semana", "pk": 653, "fields": {"propiedad": 31, "subasta": null, "reserva": null, "monto_base": 0.0, "costo": 0.0, "numero_semana": 33, "fecha_inicio_sem": "2021-08-15", "fecha_fin_sem": "2021-08-21", "habilitada_reserva": false, "habilitada_subasta": false, "habilitada_hotsale": false, "fecha_creacion": "2019-07-14"}}, {"model": "HomeSwitchHome.semana", "pk": 654, "fields": {"propiedad": 31, "subasta": null, "reserva": null, "monto_base": 0.0, "costo": 0.0, "numero_semana": 34, "fecha_inicio_sem": "2021-08-22", "fecha_fin_sem": "2021-08-28", "habilitada_reserva": false, "habilitada_subasta": false, "habilitada_hotsale": false, "fecha_creacion": "2019-07-14"}}, {"model": "HomeSwitchHome.semana", "pk": 655, "fields": {"propiedad": 31, "subasta": null, "reserva": null, "monto_base": 0.0, "costo": 0.0, "numero_semana": 35, "fecha_inicio_sem": "2021-08-29", "fecha_fin_sem": "2021-09-04", "habilitada_reserva": false, "habilitada_subasta": false, "habilitada_hotsale": false, "fecha_creacion": "2019-07-14"}}, {"model": "HomeSwitchHome.semana", "pk": 656, "fields": {"propiedad": 31, "subasta": null, "reserva": null, "monto_base": 0.0, "costo": 0.0, "numero_semana": 36, "fecha_inicio_sem": "2021-09-05", "fecha_fin_sem": "2021-09-11", "habilitada_reserva": false, "habilitada_subasta": false, "habilitada_hotsale": false, "fecha_creacion": "2019-07-14"}}, {"model": "HomeSwitchHome.semana", "pk": 657, "fields": {"propiedad": 31, "subasta": null, "reserva": null, "monto_base": 0.0, "costo": 0.0, "numero_semana": 37, "fecha_inicio_sem": "2021-09-12", "fecha_fin_sem": "2021-09-18", "habilitada_reserva": false, "habilitada_subasta": false, "habilitada_hotsale": false, "fecha_creacion": "2019-07-14"}}, {"model": "HomeSwitchHome.semana", "pk": 658, "fields": {"propiedad": 31, "subasta": null, "reserva": null, "monto_base": 0.0, "costo": 0.0, "numero_semana": 38, "fecha_inicio_sem": "2021-09-19", "fecha_fin_sem": "2021-09-25", "habilitada_reserva": false, "habilitada_subasta": false, "habilitada_hotsale": false, "fecha_creacion": "2019-07-14"}}, {"model": "HomeSwitchHome.semana", "pk": 659, "fields": {"propiedad": 31, "subasta": null, "reserva": null, "monto_base": 0.0, "costo": 0.0, "numero_semana": 39, "fecha_inicio_sem": "2021-09-26", "fecha_fin_sem": "2021-10-02", "habilitada_reserva": false, "habilitada_subasta": false, "habilitada_hotsale": false, "fecha_creacion": "2019-07-14"}}, {"model": "HomeSwitchHome.semana", "pk": 660, "fields": {"propiedad": 31, "subasta": null, "reserva": null, "monto_base": 0.0, "costo": 0.0, "numero_semana": 40, "fecha_inicio_sem": "2021-10-03", "fecha_fin_sem": "2021-10-09", "habilitada_reserva": false, "habilitada_subasta": false, "habilitada_hotsale": false, "fecha_creacion": "2019-07-14"}}, {"model": "HomeSwitchHome.semana", "pk": 661, "fields": {"propiedad": 31, "subasta": null, "reserva": null, "monto_base": 0.0, "costo": 0.0, "numero_semana": 41, "fecha_inicio_sem": "2021-10-10", "fecha_fin_sem": "2021-10-16", "habilitada_reserva": false, "habilitada_subasta": false, "habilitada_hotsale": false, "fecha_creacion": "2019-07-14"}}, {"model": "HomeSwitchHome.semana", "pk": 662, "fields": {"propiedad": 31, "subasta": null, "reserva": null, "monto_base": 0.0, "costo": 0.0, "numero_semana": 42, "fecha_inicio_sem": "2021-10-17", "fecha_fin_sem": "2021-10-23", "habilitada_reserva": false, "habilitada_subasta": false, "habilitada_hotsale": false, "fecha_creacion": "2019-07-14"}}, {"model": "HomeSwitchHome.semana", "pk": 663, "fields": {"propiedad": 31, "subasta": null, "reserva": null, "monto_base": 0.0, "costo": 0.0, "numero_semana": 43, "fecha_inicio_sem": "2021-10-24", "fecha_fin_sem": "2021-10-30", "habilitada_reserva": false, "habilitada_subasta": false, "habilitada_hotsale": false, "fecha_creacion": "2019-07-14"}}, {"model": "HomeSwitchHome.semana", "pk": 664, "fields": {"propiedad": 31, "subasta": null, "reserva": null, "monto_base": 0.0, "costo": 0.0, "numero_semana": 44, "fecha_inicio_sem": "2021-10-31", "fecha_fin_sem": "2021-11-06", "habilitada_reserva": false, "habilitada_subasta": false, "habilitada_hotsale": false, "fecha_creacion": "2019-07-14"}}, {"model": "HomeSwitchHome.semana", "pk": 665, "fields": {"propiedad": 31, "subasta": null, "reserva": null, "monto_base": 0.0, "costo": 0.0, "numero_semana": 45, "fecha_inicio_sem": "2021-11-07", "fecha_fin_sem": "2021-11-13", "habilitada_reserva": false, "habilitada_subasta": false, "habilitada_hotsale": false, "fecha_creacion": "2019-07-14"}}, {"model": "HomeSwitchHome.semana", "pk": 666, "fields": {"propiedad": 31, "subasta": null, "reserva": null, "monto_base": 0.0, "costo": 0.0, "numero_semana": 46, "fecha_inicio_sem": "2021-11-14", "fecha_fin_sem": "2021-11-20", "habilitada_reserva": false, "habilitada_subasta": false, "habilitada_hotsale": false, "fecha_creacion": "2019-07-14"}}, {"model": "HomeSwitchHome.semana", "pk": 667, "fields": {"propiedad": 31, "subasta": null, "reserva": null, "monto_base": 0.0, "costo": 0.0, "numero_semana": 47, "fecha_inicio_sem": "2021-11-21", "fecha_fin_sem": "2021-11-27", "habilitada_reserva": false, "habilitada_subasta": false, "habilitada_hotsale": false, "fecha_creacion": "2019-07-14"}}, {"model": "HomeSwitchHome.semana", "pk": 668, "fields": {"propiedad": 31, "subasta": null, "reserva": null, "monto_base": 0.0, "costo": 0.0, "numero_semana": 48, "fecha_inicio_sem": "2021-11-28", "fecha_fin_sem": "2021-12-04", "habilitada_reserva": false, "habilitada_subasta": false, "habilitada_hotsale": false, "fecha_creacion": "2019-07-14"}}, {"model": "HomeSwitchHome.semana", "pk": 669, "fields": {"propiedad": 31, "subasta": null, "reserva": null, "monto_base": 0.0, "costo": 0.0, "numero_semana": 49, "fecha_inicio_sem": "2021-12-05", "fecha_fin_sem": "2021-12-11", "habilitada_reserva": false, "habilitada_subasta": false, "habilitada_hotsale": false, "fecha_creacion": "2019-07-14"}}, {"model": "HomeSwitchHome.semana", "pk": 670, "fields": {"propiedad": 31, "subasta": null, "reserva": null, "monto_base": 0.0, "costo": 0.0, "numero_semana": 50, "fecha_inicio_sem": "2021-12-12", "fecha_fin_sem": "2021-12-18", "habilitada_reserva": false, "habilitada_subasta": false, "habilitada_hotsale": false, "fecha_creacion": "2019-07-14"}}, {"model": "HomeSwitchHome.semana", "pk": 671, "fields": {"propiedad": 31, "subasta": null, "reserva": null, "monto_base": 0.0, "costo": 0.0, "numero_semana": 51, "fecha_inicio_sem": "2021-12-19", "fecha_fin_sem": "2021-12-25", "habilitada_reserva": false, "habilitada_subasta": false, "habilitada_hotsale": false, "fecha_creacion": "2019-07-14"}}, {"model": "HomeSwitchHome.semana", "pk": 672, "fields": {"propiedad": 31, "subasta": null, "reserva": null, "monto_base": 0.0, "costo": 0.0, "numero_semana": 52, "fecha_inicio_sem": "2021-12-26", "fecha_fin_sem": "2022-01-01", "habilitada_reserva": false, "habilitada_subasta": false, "habilitada_hotsale": false, "fecha_creacion": "2019-07-14"}}, {"model": "HomeSwitchHome.semana", "pk": 673, "fields": {"propiedad": 31, "subasta": null, "reserva": 8, "monto_base": 0.0, "costo": 0.0, "numero_semana": 0, "fecha_inicio_sem": "2015-01-01", "fecha_fin_sem": "2015-01-06", "habilitada_reserva": false, "habilitada_subasta": false, "habilitada_hotsale": false, "fecha_creacion": "2019-07-14"}}, {"model": "HomeSwitchHome.semana", "pk": 674, "fields": {"propiedad": 31, "subasta": null, "reserva": 9, "monto_base": 0.0, "costo": 0.0, "numero_semana": 0, "fecha_inicio_sem": "2015-04-05", "fecha_fin_sem": "2015-04-11", "habilitada_reserva": false, "habilitada_subasta": false, "habilitada_hotsale": false, "fecha_creacion": "2019-07-14"}}, {"model": "HomeSwitchHome.semana", "pk": 675, "fields": {"propiedad": 32, "subasta": null, "reserva": 11, "monto_base": 0.0, "costo": 180000.0, "numero_semana": 29, "fecha_inicio_sem": "2019-10-20", "fecha_fin_sem": "2019-10-26", "habilitada_reserva": false, "habilitada_subasta": false, "habilitada_hotsale": false, "fecha_creacion": "2019-07-14"}}, {"model": "HomeSwitchHome.semana", "pk": 676, "fields": {"propiedad": 32, "subasta": null, "reserva": null, "monto_base": 0.0, "costo": 0.0, "numero_semana": 28, "fecha_inicio_sem": "2020-07-05", "fecha_fin_sem": "2020-07-11", "habilitada_reserva": true, "habilitada_subasta": false, "habilitada_hotsale": false, "fecha_creacion": "2019-07-14"}}, {"model": "auth.permission", "pk": 1, "fields": {"name": "Can add log entry", "content_type": 1, "codename": "add_logentry"}}, {"model": "auth.permission", "pk": 2, "fields": {"name": "Can change log entry", "content_type": 1, "codename": "change_logentry"}}, {"model": "auth.permission", "pk": 3, "fields": {"name": "Can delete log entry", "content_type": 1, "codename": "delete_logentry"}}, {"model": "auth.permission", "pk": 4, "fields": {"name": "Can add permission", "content_type": 2, "codename": "add_permission"}}, {"model": "auth.permission", "pk": 5, "fields": {"name": "Can change permission", "content_type": 2, "codename": "change_permission"}}, {"model": "auth.permission", "pk": 6, "fields": {"name": "Can delete permission", "content_type": 2, "codename": "delete_permission"}}, {"model": "auth.permission", "pk": 7, "fields": {"name": "Can add group", "content_type": 3, "codename": "add_group"}}, {"model": "auth.permission", "pk": 8, "fields": {"name": "Can change group", "content_type": 3, "codename": "change_group"}}, {"model": "auth.permission", "pk": 9, "fields": {"name": "Can delete group", "content_type": 3, "codename": "delete_group"}}, {"model": "auth.permission", "pk": 10, "fields": {"name": "Can add user", "content_type": 4, "codename": "add_user"}}, {"model": "auth.permission", "pk": 11, "fields": {"name": "Can change user", "content_type": 4, "codename": "change_user"}}, {"model": "auth.permission", "pk": 12, "fields": {"name": "Can delete user", "content_type": 4, "codename": "delete_user"}}, {"model": "auth.permission", "pk": 13, "fields": {"name": "Can add content type", "content_type": 5, "codename": "add_contenttype"}}, {"model": "auth.permission", "pk": 14, "fields": {"name": "Can change content type", "content_type": 5, "codename": "change_contenttype"}}, {"model": "auth.permission", "pk": 15, "fields": {"name": "Can delete content type", "content_type": 5, "codename": "delete_contenttype"}}, {"model": "auth.permission", "pk": 16, "fields": {"name": "Can add session", "content_type": 6, "codename": "add_session"}}, {"model": "auth.permission", "pk": 17, "fields": {"name": "Can change session", "content_type": 6, "codename": "change_session"}}, {"model": "auth.permission", "pk": 18, "fields": {"name": "Can delete session", "content_type": 6, "codename": "delete_session"}}, {"model": "auth.permission", "pk": 19, "fields": {"name": "Can view log entry", "content_type": 1, "codename": "view_logentry"}}, {"model": "auth.permission", "pk": 20, "fields": {"name": "Can view permission", "content_type": 2, "codename": "view_permission"}}, {"model": "auth.permission", "pk": 21, "fields": {"name": "Can view group", "content_type": 3, "codename": "view_group"}}, {"model": "auth.permission", "pk": 22, "fields": {"name": "Can view user", "content_type": 4, "codename": "view_user"}}, {"model": "auth.permission", "pk": 23, "fields": {"name": "Can view content type", "content_type": 5, "codename": "view_contenttype"}}, {"model": "auth.permission", "pk": 24, "fields": {"name": "Can view session", "content_type": 6, "codename": "view_session"}}, {"model": "auth.permission", "pk": 25, "fields": {"name": "Can add propiedad", "content_type": 7, "codename": "add_propiedad"}}, {"model": "auth.permission", "pk": 26, "fields": {"name": "Can change propiedad", "content_type": 7, "codename": "change_propiedad"}}, {"model": "auth.permission", "pk": 27, "fields": {"name": "Can delete propiedad", "content_type": 7, "codename": "delete_propiedad"}}, {"model": "auth.permission", "pk": 28, "fields": {"name": "Can view propiedad", "content_type": 7, "codename": "view_propiedad"}}, {"model": "auth.permission", "pk": 29, "fields": {"name": "Can add subasta", "content_type": 8, "codename": "add_subasta"}}, {"model": "auth.permission", "pk": 30, "fields": {"name": "Can change subasta", "content_type": 8, "codename": "change_subasta"}}, {"model": "auth.permission", "pk": 31, "fields": {"name": "Can delete subasta", "content_type": 8, "codename": "delete_subasta"}}, {"model": "auth.permission", "pk": 32, "fields": {"name": "Can view subasta", "content_type": 8, "codename": "view_subasta"}}, {"model": "auth.permission", "pk": 33, "fields": {"name": "Can add semana", "content_type": 9, "codename": "add_semana"}}, {"model": "auth.permission", "pk": 34, "fields": {"name": "Can change semana", "content_type": 9, "codename": "change_semana"}}, {"model": "auth.permission", "pk": 35, "fields": {"name": "Can delete semana", "content_type": 9, "codename": "delete_semana"}}, {"model": "auth.permission", "pk": 36, "fields": {"name": "Can view semana", "content_type": 9, "codename": "view_semana"}}, {"model": "auth.permission", "pk": 37, "fields": {"name": "Can add postor", "content_type": 10, "codename": "add_postor"}}, {"model": "auth.permission", "pk": 38, "fields": {"name": "Can change postor", "content_type": 10, "codename": "change_postor"}}, {"model": "auth.permission", "pk": 39, "fields": {"name": "Can delete postor", "content_type": 10, "codename": "delete_postor"}}, {"model": "auth.permission", "pk": 40, "fields": {"name": "Can view postor", "content_type": 10, "codename": "view_postor"}}, {"model": "auth.permission", "pk": 41, "fields": {"name": "Can add foto", "content_type": 11, "codename": "add_foto"}}, {"model": "auth.permission", "pk": 42, "fields": {"name": "Can change foto", "content_type": 11, "codename": "change_foto"}}, {"model": "auth.permission", "pk": 43, "fields": {"name": "Can delete foto", "content_type": 11, "codename": "delete_foto"}}, {"model": "auth.permission", "pk": 44, "fields": {"name": "Can view foto", "content_type": 11, "codename": "view_foto"}}, {"model": "auth.permission", "pk": 45, "fields": {"name": "Can add tarjeta", "content_type": 12, "codename": "add_tarjeta"}}, {"model": "auth.permission", "pk": 46, "fields": {"name": "Can change tarjeta", "content_type": 12, "codename": "change_tarjeta"}}, {"model": "auth.permission", "pk": 47, "fields": {"name": "Can delete tarjeta", "content_type": 12, "codename": "delete_tarjeta"}}, {"model": "auth.permission", "pk": 48, "fields": {"name": "Can view tarjeta", "content_type": 12, "codename": "view_tarjeta"}}, {"model": "auth.permission", "pk": 49, "fields": {"name": "Can add reserva", "content_type": 13, "codename": "add_reserva"}}, {"model": "auth.permission", "pk": 50, "fields": {"name": "Can change reserva", "content_type": 13, "codename": "change_reserva"}}, {"model": "auth.permission", "pk": 51, "fields": {"name": "Can delete reserva", "content_type": 13, "codename": "delete_reserva"}}, {"model": "auth.permission", "pk": 52, "fields": {"name": "Can view reserva", "content_type": 13, "codename": "view_reserva"}}, {"model": "auth.permission", "pk": 53, "fields": {"name": "Can add perfil", "content_type": 14, "codename": "add_perfil"}}, {"model": "auth.permission", "pk": 54, "fields": {"name": "Can change perfil", "content_type": 14, "codename": "change_perfil"}}, {"model": "auth.permission", "pk": 55, "fields": {"name": "Can delete perfil", "content_type": 14, "codename": "delete_perfil"}}, {"model": "auth.permission", "pk": 56, "fields": {"name": "Can view perfil", "content_type": 14, "codename": "view_perfil"}}, {"model": "auth.permission", "pk": 57, "fields": {"name": "Can add solicitud", "content_type": 15, "codename": "add_solicitud"}}, {"model": "auth.permission", "pk": 58, "fields": {"name": "Can change solicitud", "content_type": 15, "codename": "change_solicitud"}}, {"model": "auth.permission", "pk": 59, "fields": {"name": "Can delete solicitud", "content_type": 15, "codename": "delete_solicitud"}}, {"model": "auth.permission", "pk": 60, "fields": {"name": "Can view solicitud", "content_type": 15, "codename": "view_solicitud"}}, {"model": "auth.permission", "pk": 61, "fields": {"name": "Can add favorito", "content_type": 16, "codename": "add_favorito"}}, {"model": "auth.permission", "pk": 62, "fields": {"name": "Can change favorito", "content_type": 16, "codename": "change_favorito"}}, {"model": "auth.permission", "pk": 63, "fields": {"name": "Can delete favorito", "content_type": 16, "codename": "delete_favorito"}}, {"model": "auth.permission", "pk": 64, "fields": {"name": "Can view favorito", "content_type": 16, "codename": "view_favorito"}}, {"model": "auth.permission", "pk": 65, "fields": {"name": "Can add historial res", "content_type": 17, "codename": "add_historialres"}}, {"model": "auth.permission", "pk": 66, "fields": {"name": "Can change historial res", "content_type": 17, "codename": "change_historialres"}}, {"model": "auth.permission", "pk": 67, "fields": {"name": "Can delete historial res", "content_type": 17, "codename": "delete_historialres"}}, {"model": "auth.permission", "pk": 68, "fields": {"name": "Can view historial res", "content_type": 17, "codename": "view_historialres"}}, {"model": "auth.user", "pk": 30, "fields": {"password": "pbkdf2_sha256$150000$Qq0Raz8noAtl$Cx4VuMBF5DVt+bxLdA8Li223cjvSiErSqkAA1R4A4QI=", "last_login": "2019-07-14T23:43:00.169Z", "is_superuser": true, "username": "Administrador@gmail.com", "first_name": "", "last_name": "", "email": "", "is_staff": true, "is_active": true, "date_joined": "2019-07-14T23:06:22.467Z", "groups": [], "user_permissions": []}}, {"model": "auth.user", "pk": 31, "fields": {"password": "pbkdf2_sha256$150000$jDRoehPadYlN$ocQko2IDF4hRsTE0T/b4fpvCmPe1ByT1kOpx13fM5Xk=", "last_login": "2019-07-14T23:28:51.611Z", "is_superuser": false, "username": "usuario1@gmail.com", "first_name": "", "last_name": "", "email": "usuario1@gmail.com", "is_staff": false, "is_active": true, "date_joined": "2019-07-14T23:09:17.554Z", "groups": [], "user_permissions": []}}, {"model": "auth.user", "pk": 32, "fields": {"password": "pbkdf2_sha256$150000$eZD3DkkvOWAn$67Z+mDs3foojNgHr9qeQ3LuGQwZYGDKMSXLDz4uF/Ok=", "last_login": "2019-07-15T14:27:47.191Z", "is_superuser": false, "username": "usuario2@gmail.com", "first_name": "", "last_name": "", "email": "usuario2@gmail.com", "is_staff": false, "is_active": true, "date_joined": "2019-07-14T23:09:57.849Z", "groups": [], "user_permissions": []}}, {"model": "auth.user", "pk": 33, "fields": {"password": "pbkdf2_sha256$150000$Z1HHQgb2Soms$NUPB7naVOBCOzIlmP/kJd7tC833uL+h3KY5Q9EMXtVU=", "last_login": "2019-07-14T23:11:09.646Z", "is_superuser": false, "username": "usuario3@gmail.com", "first_name": "", "last_name": "", "email": "usuario3@gmail.com", "is_staff": false, "is_active": true, "date_joined": "2019-07-14T23:11:07.697Z", "groups": [], "user_permissions": []}}, {"model": "auth.user", "pk": 35, "fields": {"password": "pbkdf2_sha256$150000$e8ALPdMVghlx$mwd0Ni9uBgTod2TRuMVenvEh4HkhKXywlFWnx59mPtM=", "last_login": "2019-07-15T14:26:57.657Z", "is_superuser": false, "username": "daiana.ruiz.1996@gmail.com", "first_name": "", "last_name": "", "email": "daiana.ruiz.1996@gmail.com", "is_staff": false, "is_active": true, "date_joined": "2019-07-15T14:09:53.746Z", "groups": [], "user_permissions": []}}, {"model": "HomeSwitchHome.reserva", "pk": 5, "fields": {"usuario": 32, "reservada_desde": "DIRECTA", "fecha_reserva": "2018-07-05", "titulo_prop": "Propiedad 2", "cancelada": false}}, {"model": "HomeSwitchHome.reserva", "pk": 7, "fields": {"usuario": 32, "reservada_desde": "DIRECTA", "fecha_reserva": "2019-08-12", "titulo_prop": "Propiedad 2", "cancelada": false}}, {"model": "HomeSwitchHome.reserva", "pk": 8, "fields": {"usuario": 32, "reservada_desde": "SUBASTA", "fecha_reserva": "2015-01-01", "titulo_prop": "Propiedad 2", "cancelada": false}}, {"model": "HomeSwitchHome.reserva", "pk": 9, "fields": {"usuario": 32, "reservada_desde": "HOTSALE", "fecha_reserva": "2015-04-05", "titulo_prop": "Propiedad 2", "cancelada": true}}, {"model": "HomeSwitchHome.reserva", "pk": 10, "fields": {"usuario": 32, "reservada_desde": "DIRECTA", "fecha_reserva": "2020-07-12", "titulo_prop": "Propiedad 2", "cancelada": false}}, {"model": "HomeSwitchHome.reserva", "pk": 11, "fields": {"usuario": 35, "reservada_desde": "DIRECTA", "fecha_reserva": "2019-10-20", "titulo_prop": "Propiedad(Eliminar)", "cancelada": false}}, {"model": "HomeSwitchHome.perfil", "pk": 14, "fields": {"usuario": 31, "nombre": "nombre", "apellido": "apellido", "fecha_nacimiento": "1990-12-12", "creditos": 2, "es_premium": false}}, {"model": "HomeSwitchHome.perfil", "pk": 15, "fields": {"usuario": 32, "nombre": "nombre", "apellido": "apellido", "fecha_nacimiento": "1990-12-12", "creditos": 0, "es_premium": true}}, {"model": "HomeSwitchHome.perfil", "pk": 16, "fields": {"usuario": 33, "nombre": "nombre", "apellido": "apellido", "fecha_nacimiento": "1990-12-12", "creditos": 2, "es_premium": false}}, {"model": "HomeSwitchHome.perfil", "pk": 18, "fields": {"usuario": 35, "nombre": "Daiana", "apellido": "Ruiz", "fecha_nacimiento": "1996-10-20", "creditos": 2, "es_premium": false}}, {"model": "HomeSwitchHome.tarjeta", "pk": 8888888, "fields": {"usuario": 33, "marca": "VISA", "titular": "titular", "m_vencimiento": 12, "a_vencimiento": 2029, "cod_seguridad": 222}}, {"model": "HomeSwitchHome.tarjeta", "pk": 12345678, "fields": {"usuario": 31, "marca": "VISA", "titular": "titular", "m_vencimiento": 12, "a_vencimiento": 2029, "cod_seguridad": 999}}, {"model": "HomeSwitchHome.tarjeta", "pk": 123456789, "fields": {"usuario": 35, "marca": "VISA", "titular": "Daiana Ruiz", "m_vencimiento": 12, "a_vencimiento": 2021, "cod_seguridad": 1234}}, {"model": "HomeSwitchHome.tarjeta", "pk": 888888888, "fields": {"usuario": 32, "marca": "VISA", "titular": "asdf", "m_vencimiento": 12, "a_vencimiento": 2029, "cod_seguridad": 888}}]